<?xml version="1.0" encoding="utf-8"?>
<?xml-stylesheet type='text/xsl' href='ConversionLogFile.xsl'?>
<LogFile projectName="ProgettoBase_HW_2023_V18" typeText="Tipo" messageText="Messaggio" timeText="Ora">
  <MessageCell ServiceId="80" MessageId="30" MessageClass="Information" Timestamp="11/09/2024 12:51:57">
    <Number ServiceNumber="80" MessageNumber="30" />
    <Text FeedbackText="Aggiornamento avviato" />
    <Help HelpId="-1" />
  </MessageCell>
  <Details ServiceId="80" MessageId="30" Timestamp="11/09/2024 12:51:59" Debug="false">
    <Text>Reorganization succeed!</Text>
  </Details>
  <MessageCell ServiceId="80" MessageId="30" MessageClass="Information" Timestamp="11/09/2024 12:51:59">
    <Number ServiceNumber="80" MessageNumber="30" />
    <Text FeedbackText="CheckRepair lost+found objects" />
    <Help HelpId="-1" />
  </MessageCell>
  <Details ServiceId="80" MessageId="30" Timestamp="11/09/2024 12:51:59" Debug="false">
    <Text>No error is detected.</Text>
  </Details>
  <MessageCell ServiceId="80" MessageId="30" MessageClass="Information" Timestamp="11/09/2024 12:51:59">
    <Number ServiceNumber="80" MessageNumber="30" />
    <Text FeedbackText="CheckRepair missing bidirectional links" />
    <Help HelpId="-1" />
  </MessageCell>
  <Details ServiceId="80" MessageId="30" Timestamp="11/09/2024 12:51:59" Debug="false">
    <Text>No error is detected.</Text>
  </Details>
  <MessageCell ServiceId="80" MessageId="30" MessageClass="Information" Timestamp="11/09/2024 12:52:00">
    <Number ServiceNumber="80" MessageNumber="30" />
    <Text FeedbackText="CheckRepair clear segment flags" />
    <Help HelpId="-1" />
  </MessageCell>
  <Details ServiceId="80" MessageId="30" Timestamp="11/09/2024 12:52:00" Debug="false">
    <Text>No error is detected.</Text>
  </Details>
  <MessageCell ServiceId="80" MessageId="30" MessageClass="Information" Timestamp="11/09/2024 12:52:17">
    <Number ServiceNumber="80" MessageNumber="30" />
    <Text FeedbackText="C0010:1015 Repair 'Comment' for DeviceDataObject 'S71500/ET200MP station_1'. Comment object had no culture infos." />
    <Help HelpId="-1" />
  </MessageCell>
  <MessageCell ServiceId="80" MessageId="30" MessageClass="Information" Timestamp="11/09/2024 12:52:17">
    <Number ServiceNumber="80" MessageNumber="30" />
    <Text FeedbackText="L'utente connesso dispone del diritto di engineering &quot;Aggiorna progetto&quot; richiesto." />
    <Help HelpId="-1" />
  </MessageCell>
  <MessageCell ServiceId="80" MessageId="30" MessageClass="Information" Timestamp="11/09/2024 12:52:18">
    <Number ServiceNumber="80" MessageNumber="30" />
    <Text FeedbackText="Starting removal of system role assignments compatibility from system device function rights" />
    <Help HelpId="-1" />
  </MessageCell>
  <MessageCell ServiceId="80" MessageId="30" MessageClass="Information" Timestamp="11/09/2024 12:52:18">
    <Number ServiceNumber="80" MessageNumber="30" />
    <Text FeedbackText="Finished removal of system role assignments compatibility from system device function rights" />
    <Help HelpId="-1" />
  </MessageCell>
  <MessageCell ServiceId="80" MessageId="30" MessageClass="Information" Timestamp="11/09/2024 12:52:18">
    <Number ServiceNumber="80" MessageNumber="30" />
    <Text FeedbackText="I ruoli di sistema obsoleti vengono eliminati." />
    <Help HelpId="-1" />
  </MessageCell>
  <MessageCell ServiceId="80" MessageId="30" MessageClass="Information" Timestamp="11/09/2024 12:52:18">
    <Number ServiceNumber="80" MessageNumber="30" />
    <Text FeedbackText="L'eliminazione dei ruoli di sistema obsoleti è terminata." />
    <Help HelpId="-1" />
  </MessageCell>
  <MessageCell ServiceId="80" MessageId="30" MessageClass="Information" Timestamp="11/09/2024 12:52:18">
    <Number ServiceNumber="80" MessageNumber="30" />
    <Text FeedbackText="Starting change link between DFR and DFRSet" />
    <Help HelpId="-1" />
  </MessageCell>
  <MessageCell ServiceId="80" MessageId="30" MessageClass="Information" Timestamp="11/09/2024 12:52:18">
    <Number ServiceNumber="80" MessageNumber="30" />
    <Text FeedbackText="Finished change link between DFR and DFRSet" />
    <Help HelpId="-1" />
  </MessageCell>
  <MessageCell ServiceId="80" MessageId="30" MessageClass="Information" Timestamp="11/09/2024 12:52:18">
    <Number ServiceNumber="80" MessageNumber="30" />
    <Text FeedbackText="Starting data conversion workflow for umac entities i.e. System Role, EFR &amp; DFR" />
    <Help HelpId="-1" />
  </MessageCell>
  <MessageCell ServiceId="80" MessageId="30" MessageClass="Information" Timestamp="11/09/2024 12:52:18">
    <Number ServiceNumber="80" MessageNumber="30" />
    <Text FeedbackText="Finished data conversion workflow for umac entities i.e. System Role, EFR &amp; DFR" />
    <Help HelpId="-1" />
  </MessageCell>
  <MessageCell ServiceId="80" MessageId="30" MessageClass="Warning" Timestamp="11/09/2024 12:52:26">
    <Number ServiceNumber="80" MessageNumber="30" />
    <Text FeedbackText="Elemento del progetto: '\PLC_1\ProgramBlocksFolder\Main' - Incoerenza della somma di controllo per 'General; Event'." />
    <Help HelpId="-1" />
  </MessageCell>
  <MessageCell ServiceId="80" MessageId="30" MessageClass="Information" Timestamp="11/09/2024 12:52:28">
    <Number ServiceNumber="80" MessageNumber="30" />
    <Text FeedbackText="Conversione delle informazioni dei riferimenti incrociati in corso." />
    <Help HelpId="-1" />
  </MessageCell>
  <MessageCell ServiceId="80" MessageId="30" MessageClass="Information" Timestamp="11/09/2024 12:52:28">
    <Number ServiceNumber="80" MessageNumber="30" />
    <Text FeedbackText="Creazione delle informazioni dei riferimenti incrociati riuscita." />
    <Help HelpId="-1" />
  </MessageCell>
  <MessageCell ServiceId="80" MessageId="30" MessageClass="Information" Timestamp="11/09/2024 12:52:28">
    <Number ServiceNumber="80" MessageNumber="30" />
    <Text FeedbackText="La conversione delle informazioni dei riferimenti incrociati è terminata." />
    <Help HelpId="-1" />
  </MessageCell>
  <Details ServiceId="80" MessageId="30" Timestamp="11/09/2024 12:52:29" Debug="false">
    <Text>Package container 'Siemens.Simatic.Lang.S7PSW.V15.1.0.0.NonMandatory' was deleted</Text>
  </Details>
  <Details ServiceId="80" MessageId="30" Timestamp="11/09/2024 12:52:29" Debug="false">
    <Text>Product version 'Siemens.Simatic.STEP7.Professional:15.01.00.00' was deleted</Text>
  </Details>
  <Details ServiceId="80" MessageId="30" Timestamp="11/09/2024 12:52:29" Debug="false">
    <Text>Product version 'Siemens.Simatic.STEP7.Basic:15.01.00.00' was deleted</Text>
  </Details>
  <MessageCell ServiceId="Automation-ObjectFrame-Feedbacks" MessageId="ConversionInfoTabProjectSucceeded" MessageClass="Success" Timestamp="11/09/2024 12:52:30">
    <Number ServiceNumber="80" MessageNumber="34" />
    <Text FeedbackText="Il progetto 'C:\Users\germano.pagliero\Desktop\5 inf B\ProgettoBase_HW_2023\System\PEData.plf' è stato aggiornato e salvato come progetto 'C:\Users\germano.pagliero\Desktop\5 inf B\ProgettoBase_HW_2023_V18\System\PEData.plf'." />
    <Help HelpId="-1" HelpFile="" />
  </MessageCell>
  <MessageCell ServiceId="80" MessageId="30" MessageClass="Information" Timestamp="11/09/2024 12:52:30">
    <Number ServiceNumber="80" MessageNumber="30" />
    <Text FeedbackText="FinalCheckRemainingErrors" />
    <Help HelpId="-1" />
  </MessageCell>
  <Details ServiceId="80" MessageId="30" Timestamp="11/09/2024 12:52:30" Debug="false">
    <Text>No error is detected.</Text>
  </Details>
</LogFile>